business_id,destaque
0DnQh8SE8BSnvJltGCCiWg,0
h6NYKqweTmcBz3z6UeUJ8w,0
AycqWXrDVlbRfJE-kA5MMw,0
EVC1vn1KQ2uETnTbDWXc5w,0
fdTDe7XIXfhftmgNfR_-3g,0
HFPovXxiMQ451N80-E-vyQ,1
opy1am7eajjAO2-eyojoIw,0
ZqHzlfa34IhEPgWqvWGW8w,0
VmZ6sLWZhdo-EAvz8D5orw,0
esr30Kcmr7Z5PtTnWLAm-Q,0
XiKJK57eWPDhdhAG1pTTqA,0
DPLkYvNHNBEs0teU95Ocfw,0
C5FIW7EHoK7c6Umr_QvSew,0
uyAi44fQc9AOxLR4AQe9Qg,0
HzZWnYs_qINLuXCjXyLPhw,0
ZLPPaAJnEvN8311zwXvw6w,0
OmgnQSK3vy1oqAYXFKjaUA,0
pOe045d08sWNYEMwD7q0Vg,0
bSkY196y6hmpvyvma_5_dA,0
Vp8rnPx-hUnu8rDsmbAn4w,0
v_UM-AW9YYTCbWUNa-w1Gg,0
SSw9-ns-sU1__m2bheIEgw,0
hGcu2YoHxNTHSMG07Kntzg,0
4Yf6bdaOPPz2TkA-LY91Ig,0
8f9Tl2gq78wqjtrToOTo7A,0
enM6QaOnLOg9NiSirfRLQg,0
Ep6j5qZZH8FOZgqWU8kzfw,0
UET2RjxhUaAFIZ3uuUhQag,0
b4XJatyFeCNAemIyF3K4Og,0
03XOAwrGH-a1BgLmrmv9RQ,0
BqywX5vLKwIBRaInuuZGug,0
IikkB8j2E-1QmujRsPh5wQ,0
1k1Jep8-CT3LI1bG2JG6Eg,0
e5iuaVMw9EBCF1A1XDOwzg,0
2vQgAfuW36IrAMJj_XjuvA,0
G6aNyWVp2UjgKRidP_U2jw,0
-eIvRc3aEvufstBumpBTPQ,0
MR0jXmXfvt_PW8nUm5Oeeg,0
6HTqJSuWOBV6CSE5W8X7aw,0
w-MmyToyPE2_V3Yg6jrc4w,0
c4sRmOkb3W3KgCkEffI6tA,0
JsAjP49bCk9KjJmmmjyM4w,0
c6oy-IutfSEBZQbV1h9E-A,0
6Hj4AQ5DDGf7tsVk6LscLQ,0
7d4_aSWLjzu9z778ac4g2g,0
P2epFHigkHzKhggZqb4hOg,0
d6G0w_e3GaA90NSQeovShA,0
TWHHpmnVE3-Y9tL5itxpVg,0
WuRe1cVirO93fDvuW-3u3g,0
HkHTdTvzbn-bmeQv_-2u0Q,0
Rqc_42MJmsoMWNdHi4PFGg,0
lw8PXBergNYjgmBNvaiNxg,0
YSIK0E1E2GZ7jIls_v8aSw,0
VZiCUfK61OnhF_wnz_OKiA,0
2OFWvbHVwvnva7GxP4wHQg,0
PKcWuwMYnla-eUdqVWQTsQ,0
btFVG35DPDaG13U-5k3i0g,0
5jFAsP4xlu8M2ew7qMTNVQ,0
ZjYOIMcLTWFPa4jGC-YFwQ,0
Rz7E5Izfav3CSiWkyiU2GA,0
egLYFnycp8ktxMCvilFdLw,0
qSyAd1fDtA4GWp_q9jZKmA,0
rKG5BgZeJfLMt4LCM8nlNA,0
rF0-JzJLNmQtFl3Bb0RbxA,0
hbp72ML8BHykBztI6mWOIw,0
_YFIP-QgJuENZjKtsIiO3A,0
GHxoLiZCORG_38rYV9OYGw,1
xYcB-0g2nED-DMgHOSgsiQ,0
is6sW1nbJC9JYyKHFKEwnw,0
b6sUcJj_xbeYrKKOsS9Gjw,0
iedwMp5xm6pXuvc_mk_Czg,1
JS1rTnGlYeudL5Jky82Ong,0
VKQhuFBxAMFOvcSG6RuCEA,0
kyJaqGToSG0p9w5GmnLLCQ,1
3A3D0Me1hezAn9EdrTLICA,0
0MVRF3-17-hI0HWCM0WuZw,0
QH8B92lZXtLwQV9Fdrpukg,0
d5t8aHwVXMJ5I_hcwem6qQ,1
3y6n6UKHmfCGwaY-3nk0RA,0
AML1zr5Y4R_PjhqAN34quw,0
nOKGpVpeANUX-jgAJHWfzw,0
FyjpNe3Z5FhPs_YH8V_aeA,0
3n3dKPx7TVR7nKIGpA0wLw,0
J8ehGrOQvdUr_CS73uxfGw,0
YLVAtp5YIkP2lrl_1IXbkw,0
USwPHb8aePMuFtD2uDAnpA,0
Jzyca_4320DP6XiOiIFSMQ,0
0Ovh4Vn9ntMt5Ara-ZP2sA,0
rETL4tn0LMohgdQYpytY5A,0
A1b7_RVq6QqLo0qyZtC85w,0
HczMx_z0HS_PnpdTHc3qzQ,0
d2DWYMXc5tA18pElXQOdvg,0
9rj4DdjcpkDkuKJZd-66dQ,0
mG1W5dAWGRTMuAolUCywGw,0
6XnA2qGD60dPYCs88WlDXg,0
SO967mepbkVeGtJ7pg7c1Q,0
NFqCCoe8bhWZuQTVtzoc8g,0
BopPNhmn66uUDL2dVyDjHg,0
sse9sgcNBnZoBCSSEyzDoQ,0
QOJGwHTZCSYY2BNoUhZrng,0
ovIXtPNJEC_mGgFodHL_Vg,0
iWFog8VaBr5JGNAn6oXExA,0
5mTOBaADm2gfO_jR8PVkTA,0
tuc4w8tDPvfABiGuFhX5lQ,0
Z2GIrARCKaBy7Jr8Y-Sccw,1
xi109DyT11hpD93z4FAHug,0
kIBj9C-9JKEiboPbL4uhtw,0
JPq1EHQH5EosLVRWjhn4Kg,0
7wsE_8oB-XWz5KJurb0O4w,0
JUP4gLGA-2SOYq8a8ATJRA,0
S08a8arF5dOvsMb8491Xng,0
2H7An6VjETD-CYFNyXx1NA,0
7eG05PU4g3FLuknfb-75eg,0
KI0zM8wA3QH0-cHcvuz3PA,0
11Xyj5j3X1OaKMeHKC6ukg,0
YMHgCH552sy4vnjcDnSEbg,0
3yKjwtny5j_xSrvNVvJlng,0
lZsEr56UOesEWpGeZikLIw,0
PUaHywltgG_ZWjATIlC7MQ,0
47BN7tByFRfvv2FVz_BuzQ,0
RA83jaYlKMvK0w3KYvTVKg,0
C6vH0qzmcerMkiJy3VO9qA,0
BLerlLQhDmd4LGHGK6dNUA,0
Lq4kShxJJSF9diqcnZeb2Q,0
EhGPj8iJDIdaHnWg9d5BgA,0
X0rCJQeIOwphjaVGnQOq-Q,0
emXQlQykTqiFRDVhlmm0xg,0
HIZvuAcqHuig61aByOJ5Tw,0
QWbRrFpE-xXAToUbO83Djg,0
hjABTon2vVSrfjL5o9_CGw,0
8IaiIlOqfXpquyBhqY3OUQ,0
_eRcc1OFDbi3fnVBskXP9g,0
JiZQSSRyPjhWGjqcIYnXQg,0
nddvI420y7BKvp6nO8bfMg,0
N8gYomVaiSiss513snlxhg,0
K6XIGkyk7-fuOQtA8i7p6A,0
QuoEIR46OGdC_z1Axwd2gA,0
tEAltGVmOZNrjUz9vPs2ug,0
wc1NuLiUrOKmtAcsG2lHIw,0
Q-cNS-72xw4Kd-_O9cB7cw,0
cSNUKWsKZQlEy2FUXbHLsg,1
uq9fF4kFSx1pjRZj_FEazw,0
P-eJ-wtvCXHix85nW8tdGA,0
ox_TZd0gx5QYtU22XP1mWg,0
5N8R7ALESZ30EoAzVJtabw,0
EQ1cOH_mr5VyHGjhgz_vDA,0
WdkbR9X-xWX3e1COXBp_LQ,1
1SBQZNmv8Q4PUfip-oCJyQ,0
vlJSQHtMr1V5rdq4QDcJrA,0
54aDAOf5S-nsZ20o6-LVPA,0
Ow2wx0kyg2G2KYxyvsLkew,0
RanCu8q6Z6V7bUHY44P4kA,0
mEAqath30Gey2iR0v-DfkQ,0
wJtVC0oGIGMP_vNhPMv5vg,0
tqyXPBc11DbHx4BRZXeLZA,0
Go5NmEeWyTJGqFWBPauZ2w,0
RjpyCT_oQCoXd-sLy-eFUA,0
zHdMSjk9viL2MjCTT0l3Tg,0
UeyTFWMLCopiZQ9ZIfmXfA,0
B-_lsTh8uZx98Fe_esk1aw,0
ch3PvaDqj9Pm8V6J0uxYzQ,0
1IbBnyIilvIMRDJBtVOPOg,0
kljR-Bg6A3jze9JzBwRhRA,0
Hlbv_mR8R_MFZYwcc4f6TA,0
MaOGOkeJMvGg6wzDkruDLQ,0
-IXNFjtECsn8fqF047tYFw,0
9N7VAcNFqjHptX3vRWqgnw,0
q2l6L-gdvIZewh7n5_xasQ,0
P39yhVb1mR3akLeuSmH97g,0
MlwsOef4hDJVHWOzutE6yw,0
wYe2VeKghAHznLBB2H-2Yw,0
EO7RzGtvgxnRM2bHcnap_g,0
m58xFNgQ0vrtwVe6bsflbw,0
MayV0lVEVTRJlD9HRuXtkA,0
v_-CmgfcJ18BuV7Ghnp7RQ,0
I4AwdYw77_tzXq5vVEwTKQ,0
oICXzFAaUMrYGzjRWmkw4Q,0
uiblCNxg83Q44bA2PYKuYQ,1
6aOoRA6P_lmUIzFO6mX3rA,0
LkfHWBf0V4joCAWV7hLU3A,0
s9NZVgkcKyCrXHZPfp_nsw,0
8MXjK1lhVRhU3yGCUv9qsA,0
ag8gM2YKZkjndCvl2ti7kQ,0
wTtOXvbg0cpLPtvX-JjHkA,0
MwOexytJ3VlU405cx71d3g,0
WH6TE8U3B5BLRU2Ih4b4mw,0
vPPhElChg0XHY8Wz5fQQig,0
N8T_eijvaIh4eJ69mBz9FQ,0
DZkl5MleRKh0isxj1Y2Abg,1
jJcg-kE3q3FylJhewFcNQA,0
bviMnO3CdmFE1btUGlXc-w,0
itm31pyW_HQ0mqAIuLAJWw,1
S27vc4Pgdn8bmU-6mOLDDA,0
qCntVXh0P6-NVsZS3oJwNg,0
E5uJmpav2RbdZ_ibrTgByA,1
MrsXRopqPkZELTQUGQijKw,0
voZPfIBAFqooO1am2yNjNg,0
Bal9D1fzSgPvQPMzrvJF8g,0
A1Ep3RYtCLFeEOg2pAiUCw,0
KRnxsc7fMgsQk9jDPV9AIA,0
hlCex_aISt1oly8i_uNleQ,0
_T7f2wUgNlJqxsR-cR89SQ,0
3twl0YzgeU4T_OijZgXyFQ,0
cyABEo-94nt4zZDA-cYzgg,0
sJJGBO5jxWea76imTWNV8w,0
3utUsvqVVbTuz8AdSxXOyQ,0
SrLV2Ymn39DZsKjyYHdaBA,0
PPrE3wc9hihGLQOX0Y6nvg,0
YVX6j8uusZ6NUwSSYs35Ng,0
ogSBjY4agU0KDQJ2LOAc0g,0
pYSsCo7mE6Apx1nGtGTJyA,0
I2LN6tjWPn7LaJlI4apHTg,0
1-7_qijotsTGyHh2XyejuA,0
BZmZ9TTYkDe-Nm2UNAYzQQ,0
SV70qLKjNbg8oj97blnMVw,0
_GwVhLhVF_NkEjdcY0TZ8w,0
XVXDZ7I6Hk1ZSKljHtQFfA,0
wXLJtPv9OBPzZY6XeBPYzw,0
OXhnnR6LVt-v1riuM66rbQ,0
JkGNDuDmANiB4cMAhWICHw,0
3q8MtOEIJ6nC7kVv_8Mfgw,0
U5oaLJwEb-NY7Muw0jot1g,0
HWCfyPnCfbxGAXHUNwa0SA,1
ZAhVJmQXIYS-nDoDggVMJA,0
PoiXD7SMaa1iHElGb-OERA,0
-Ggr1M22MxTbP2J8L7oHqw,0
oIpR2He8uErAPmdwTwSJyQ,1
CPIZ2HxNOiBqpsL3VTFnjQ,0
SitCGPChCqlHO3bfn4GKLA,0
ok65zXeEb7QTLVd-nheQag,0
_yGc7ca7SxPKMG6VjMVAbg,0
zCDTK00wHoYDMWbcU3ldQg,0
wueHg7GGnzGpzYUkJB8Mgg,0
_f4ECv0_dCMJ__NkUsXNXg,0
Txt1znE5Vk_L_Kdim0S3Pw,0
zeJVAY-kZFrKqXEBKnl86Q,0
XHn6K_Cf0rt05qP0HgGMaA,0
ceuFV_3vBddX8j67Rr6N4Q,0
03DvzzcB5ze7lacYwZbH8A,0
MrjrxvceYEo0QPobfkp19w,0
eH2qJx-mKayso1NRH9cQag,0
VCXV_PxGkysHNQgEbtuMnA,0
8eWFZXk0Fjj2VxcbbG3NDw,0
Lpbo9wYj4pu58vJ7tlh-4w,1
RyQ03jZImFbb8FbpTE4QFg,0
1JHx_OXl2RWqt_esf2Aqhw,0
b-ek-20o-Mu57AHy14hnsw,0
c163MT4vFQD5PEIfoHZLxA,0
dKOrxsz6ygqa-AatwzpKyQ,0
mRDs0z_ys0h1NFh59vQqSg,0
KPb-7xJY1DxMwkjqk1onyQ,0
FdRZWQ8TVuKANFXcI1Do7Q,0
T3ZyZlnqXMDJ8whMYqvOAQ,0
QvVRV-XkZeWWmRyIO1Oq6g,0
nnZEctVq8hmhu587u7MOrQ,0
i3ye5ECyPcIuf0Whn5lAug,0
NRNIRY1uhvNZRhryXj2OLw,0
D0TsIM7U5UfvZ8dBdFi4sg,0
ZprB2IRXOwbzemNBFuIlZQ,0
yr17sR7UHtplXng4YlJ5Ag,0
IityDIBiedww77sxsOvvqw,0
EeQX5XniQUu8fGWGhZ5DEQ,0
Nzkvuq1-74_B3fSCLE2gkA,0
vKXOGRgZax4t18afHSVQZg,0
QVeAZXzl9i7mdMcxI5DVfw,0
RaVI3l5uEbH5dD2bJJzObw,0
q2f__ca_iK4ApUrsnBoifA,0
_BkpuQVbJTB6jht1eGvlNw,0
ihDGggt-UFXKv0FJLskyDw,0
8InMIU9WJtF_EVbKzHruwA,0
BQExW8hmH90ou7ol-91RMw,0
dpLyHcRNCR--a8oSbqHXeQ,0
PV1oXOI6U30D0DRaDN9R4w,0
EjZYT46Y2qHSoChynd0q-A,0
2CL2kcKSFvM6GQZQbNistQ,0
i2K9ZUKmukzeGBJ98f65gw,0
1FH0-rrgqziDLAw0pZD3QQ,0
FC08EHoZF2t9WIiwsMxweA,0
QHno6MF_CgSnJBY5Ig-Cug,0
Z1r6b30Tg0n0ME4-Zj2wQQ,0
DNvnu5Bs12419XP93xGkZA,0
opNr60L9KlI2DCB-e-E1yQ,0
ys1wnjZp4vKVlTGtf8ebLw,0
zJzkL4VHHksVVGepR1IAGw,0
z714BGkh_e8-moTFdjLaHA,0
QWoj22W-gc05jd8q_LPXOA,0
f_j6nrarCPEAfCHli3Viow,0
woXsHjEI-n5MF_dob1CMcA,0
CvJqu2c_J4Us4VNeFwYFsQ,0
6FE_D4VMdrsDpW1KMh7iyg,0
jedpMIkZkpVPTKxVwOqvtg,0
tcQIB7xOVbVpUUrArO-G8A,0
tm-0kaz3A2DN6HdRcPwBzw,0
nJBwEYaulNXHPAUP0OBRtg,1
iP5e3kotsblpCXBDClQ8tQ,0
2MMRdPAQDI_6VYQUdIjSzg,0
UkbIKrtTDHW8DFNJYJ5yEQ,0
AXuNlJRTzBseG90QTdDqYA,0
H7rpWv02D6WTu6IpNNDkWw,0
pkhu1GXRhtuQUSUUH_qLPA,0
6jcGsQNYgUYtwojXoMcQow,0
w-x82QFSgUKitrfNzM2pjg,0
NNR0daIlKHTp2yU3F4H36A,0
U3xIe5_9iK95S9HxduOgWw,0
pTbkdBDDKxNVjKUZ_6RAug,0
5lQj9C5lw57QZaVVMPIJ3g,0
XnkzlWMTCTIvxt6anMZ4Qg,0
YXenE_YRdnBZQJPX9C18Ow,0
hyRrezk3lbeHQRRAvV4fGQ,0
FzDeRN6HRRVpxoz2XjUOsA,0
UXzgjfob4cvZUo1JbiN_GA,0
vMxqJcpwhsL2QOG1UEZ6Mw,0
WzLXKlHrfN2Ml2fKPjyoRA,0
mymlOeTImIWcvZWFZVvbXQ,1
EyQoMv71nNxNvmzW87Nc4g,0
3CpkZgNot1KVmKBB-bzojg,0
5IEmInzR6tlsyAuOPzmvNw,0
A6IF3oOUDnPMxNQmFm48Yw,0
Ri_K4vaiRNQjlyutXgadog,0
q4M0sb8Sbyg4ExpSjwtW1g,0
kFMEdURGAp4g29oaiF5Hjg,0
1Qv_c1bCllShH1QrbmlH2Q,0
nTG85iVHPdLFAdjb6JCjig,0
ryyptYnhb8n94NnEF_MRnQ,0
9HAfloFDDOH0f8fmA5nkaw,0
eQCYur0033RkZdh5VjbF8A,0
kmEpq_OcZKMzPY1TApZbsA,0
9JuVgiTUwrfweitp_flZbg,0
UEBnR63_9PQ9WZTyVnOIYg,0
1SrUvCiYAiZlTKXAUvQn6w,0
sB5MMViUlJmeL52xu6ubAw,0
RNvVqnX-BLyT4Oe6FIyeJQ,0
l57pPj8XxRxmzsplMCeV9w,0
lJL9CcZ7dvjfOd8k7EzHIA,0
3cXsW6HxqW1HS4fcNCP1HQ,0
ps-T9NYHXg4_pP0Tyc8Ntg,0
-3pJJf-vHQfysafL0r8YsA,0
u3wWKIIdTZuAYqa2jHJoxA,0
O0j_hOPPheOGQ7K0vwV_qw,0
tbzdbivRz5BaY2G7f3RfKQ,0
1STm8Ctyc5wlvCjpb_d6YA,0
iEulhGpJwNygO9eYgbdxtg,0
6Q5-2NE3drIe31Ii3xzcQQ,0
dtIsT2opQvNNVk3RLOdYoQ,0
2-5WpknLYarNCHpXthzeZQ,0
1Ghy0rBmEcTyL6ExRs5CXg,0
Zwrpe8S2VTpfsZ1_4HCMDA,0
nYm1RyJVbQOYHWhePzmmdw,0
eKJkOicZrY-sfAXT4B50Ug,0
D0ByhfYzK_aZykfCTznt7A,0
EXd0QOsqz6sAOUjMJba_9w,0
Cxw50i7rdTnGg3NzM3rAKg,0
Peg7keJR-z_GlXK6HvaQyQ,0
4zsyBbLzY0lPC1vlvKa9hw,0
Sjj-t3_sI1OjvfKH0BFI-A,0
HJW56W-rrYeEjLeVFRR8VA,0
TozYSxnKbMECma0exWdnFg,0
P1hYLhzT5rHDpzGkYUaarg,0
X2yVWYUcip0yC8-uLGmbsQ,0
G7bJ3ufbO-7o2eFIzxlCXQ,0
-eQrkMo3BOwIW-1fR9ad0A,0
LmMxrSOKa2p239HYE8gPIg,0
hJda5g5v_2rT3D-3mSf7cQ,0
sg9k_AhqasHCma-_JnGLsw,0
BwbPzuEuIN_oFmNRJIgHlg,0
h7QJlHamZJWxOsZ90itkQg,0
tcDrRLu-vQwkRjb8V1IxmA,0
ZG-c6IDFCcTl5akKG6qW0A,0
4Bx4Js__1-EeTrDUNMFLFg,0
XxXJat55Oep1BMzQ9yJJhQ,0
lja35zyGpcmVrhCTWwVgPg,1
92TA_nRt7Wtjf_WcRY8mFQ,0
vbg-B4T05TCyZGOk2L8WCQ,0
CztDemHy1q1f2R3VV9jmvA,0
SSCgpKNpco3l-YZ2MC-lMw,0
rXcq6CWUlrUhZPQUs1U35Q,0
PoaBPxR8bo-xQKS980ThZA,0
YrT9HFcGCJIEf0dY8-HDEQ,0
TVtnQyn3ka60r2t9xRwKPQ,0
UhDacdNThB72e2Owx_ZhQg,0
XUB8hp83Wv6AXou544uIlQ,0
Y2jqGbciWbkk9YsdfvtjPQ,0
FOMPEDx1Y4yw8Zyeww9zJQ,0
3uOxuJUnx72b86-3NKhX0A,0
cS7RpQt0MAUlcheCGo3iXw,0
rcjw4QjAbu1jvW6gSNvRlA,0
7-IwDKkQfPL9gLFaw-ypEg,0
fAuadisRgm3a2vAsVAm0Ng,0
6-AoulGwzWsmUe2IEGq3EA,0
owwc9Aq6NmK5KcmYj_4PAw,0
cj_9eTPR0JBqk9qt2VmzFw,0
-lnNW-CCQr1sYihWwQcG6A,0
tRSUE3l8T2ptsj4LMk8Ysw,0
Q8kpdYu_CO6FNP0brTz98w,0
3E5umUqaU5OZAV3jNLW3kQ,0
95n1khtGJ9ge-UlpqKf6VA,0
QWKwqPmjMj9E5F4W4fFwpw,0
Cy9LmQrY9rWwaNTSqxQn6A,0
dNmHrn9WgT1QOz6DkEWXlw,0
OSF8Iy5Xq-hAN4-zhDVS4w,0
Ixl5RYGCBrNGhvKz4YM97w,0
vHHHbPjhXtLApOmBoGWLww,0
sqj18NheItQq-PR9c4uM4g,0
ftvZ6BVmbZndKcVPEdakIQ,0
sEAKw3MZkER1u_1fzIeD3g,1
2mBYJY49vp-ICLptl-cktg,0
8PwwIQiWgRd2vRFVJihpJQ,0
jbbFyy2rl8x_7ssz-GifbQ,0
g1Z0WVj6ab9nnObX2VRUYg,0
KXXdrkLLl03evqeJZ9lV2Q,0
S5sKz-ZPOGOB9Zmfc9cnnw,0
PUOEIAp615ar5vbfF_rh6Q,0
Gj_3rd6cksrE7x9CYK3_3A,0
fwuWrhPXTrEh1qHWoi_xSw,0
WoLGuuAdU1W-0eMgKVm8Dw,0
MC4becrrM9ntmnfMrD9b0g,0
XMC8dNXGhenlAM9vCH31Kg,0
C-w-YpEoMnVdUJuapFj62A,0
LqW-9eVxW1aTRUN8lQwA6w,0
_1pJGqX6zwElaiaKGjvQ4A,0
D0UFqJq9rAM5GRKEollukQ,0
OpENRmFWo4BZXiAMCj9PFA,0
KPN2DrKYbRilqCLKAkijBg,0
mtWDFVtQPOgCjbMdD5w9xw,0
baVE8JIAUSASu4GctKy46g,0
UNnYvWgV7D32mHWQfBg2mQ,0
q2XI2hh3MuUGv1nesyhEuw,0
JPgBO-7imIPdc2XBkvynpQ,0
725JDJNs4lmn8a35PGliKA,0
UqVqvLZtd6hDoa2H7-KqKg,0
T0KzIROKNijGQFutw6XCmA,0
U_fKSFt7CpdcqyVEQsVX_Q,0
zNAWd2LyP1kcoHZeXRmZ5w,0
z43YYRBLh7itGkLCCJV7GA,0
mvfaUvuZMYurZcbbyn7m4w,0
dj9zOUWOeZzvyNbNBtgJuQ,0
NmXB2KhGXHKMCMAKILpCCA,0
Kry21krP3skfuPd6tPBhjg,0
Dcc2usxnfMolNp2f6sviDA,0
bY-4nSmbowNdAdrch0P9Tw,0
xB4NNFPFHYQIyGytHvObgQ,0
Z7e9JGm5eecaD4bGuC7b4A,0
F3pEdDg508NdFd3DV632JA,0
UF2VZtuv1-pAyiGvFBCgxg,0
wGwib7KvPzs5_6aPCk_Fzw,0
BJbNZirdM-5l3P371b-Low,0
9nBk3mCFXrwH8cpBqB5pFQ,0
-OgPshkZSGaxeqk_E-wtdg,0
k8vdpo7cRgg4CtRcxYEfrw,1
20tTlrcIZGEvbHigCt2sxQ,0
II5ddAZcux8Ffw6zuvY7FQ,0
HacQEkocmt_s1LWLpL343w,0
JNgodXiZIJOVMSg5_2aX5Q,0
ieour3mPrdGm1cCg1IwN8w,0
cDoo0Pf1d_P79Rq3ZNk-Mw,0
a_ciIZR8FKVtPU3G-UDvYA,0
kXd8FeSx753Hfjx9bD7K3A,0
GIHb9hhmyaAKGncuJMTI8g,0
w6PNMZYjOlDbZ_8nPa0aZQ,0
JPhHOqkTTMPiCdZQr192LA,0
iOa9y4U4HfwXLn8J95L7GA,0
q0tv7o043ZVn4pMr9Cqgmw,1
FaC1Fs80KlMlUFFWixJ0xQ,0
BQLqXmHBpfWkFUvplUPH8Q,0
eWPCHrPKJDZUqaHWv2EB3A,0
9vJOUVvCk7qqAqO87jMM9A,0
6JMrdDVIoQGQaHlfWFRoyA,0
_RaSewXYRY7QiIpb07iHWw,0
272a60ze8sADYRR6GyJ3GA,0
_MIW8ftAyF_SWNysZRP3Jw,0
ihcxI94xe1XC8va_Zb-M0w,0
pxk3liuqNhyo1WB_8ki6YA,0
mU4EnLW8Z6GRvA93HSwInQ,0
UrV2WIaiFHRI8xxOZ00g0w,0
TjgUGNiv7pHEYg1MInd9VQ,0
l3lAJgkvY8Az8Nftc-UQPw,1
7Z_VlPV5UKIZWkt8QhW8pw,0
EPpgy7JMNUVF1PPgNjeeuA,0
DeGSNRgk2sAfYbliAa6m2A,0
7lr_44em_QCyHEduOoeNcA,0
RCecFvaY8EWy9zP_0DkxTg,0
Jkjq2-DybUZdF0RWY8_cZg,0
ckevgV4hJkFrrXOUP_BYgQ,0
oreF3CPWsX2lHq0V4AZQKg,0
oGLcax_n3h1ZIDVHuC8HKA,0
c65l1HepL-5Zqh_2fJ7ezw,0
7cGiBx1s4W5GHC1SbAsmGA,0
SzSqIixooGRDUTWAndhBfg,0
G3Gmy8julCUqDIXBlnEULw,0
xqNpOnxY0XzdnUE4sjmg0w,0
W-qIJ7RWovi3cSfQDN_uxg,0
NMYod3y6JqQCggdGGXpkiQ,0
lh2ezG3kYADZ_y9qe8bkmg,0
4fjmhU4u0TObxZ98-k32gQ,0
9VBn6MsdNri2At1VxORHeA,0
z1S_5Av3RQT4o32iFWumkw,0
I-JJ3VIrZLJ4NybT5fdSNA,0
GWRGhxUKHRQ6KorbCWU6KA,0
ZtNhshv5ofqivOGiCslqTw,0
fm5uBhrS4aydI1vbQ-UXwg,0
XpZ1i9GLShFmJO6voy5qEQ,0
SEmWshxJlI3fU7bwHSvh0A,0
jwkrCBFkKPQFXBvP8NtQoA,0
0WBMEfqXQnEOAIkV-uCW6w,0
n8oJTalfZMLL3ruzz6Yj0g,0
f_rkKVZAGBLp5zYl263Sww,0
UUCfOj7dq2WFwJGxJK3cQQ,0
UsWmTXoqaEpTcmZHd8LvMQ,0
FiB1rfmgaED4mmHpOPdQXA,0
-gaC1Lf_i2nt4jtRsUJJfg,0
rq-jNRnX_CL9mNq55DO17w,0
BGK5N70oRV_o6RK7tDnlkw,0
bsGVvCtj8i2xGl15XX8Dxw,0
NGgHn-Mu2mSOaXS9e2dtvA,0
iX0XUpk34WqHfUuLjPhR9g,0
Td7sMSrTSlTnP-fy24_n3g,1
4FXnfuKRa1zUFfGTroO0FQ,0
rB2oA4evjVbZfv7kaPIkxw,0
gT-LT06uNhzO-5pP_kpqIg,0
1Ez7KzJ0U71iT-Dg4jvn-w,0
ybbcg01-j7tKJ_oLEY1uPQ,0
GsG8MTxo0Qp_WQCT33Bz5A,0
cfT6rmhWvUnbEqfKXhwxYw,0
CWkd_PmKOGjJuP1hxxjV3Q,0
5oVIydJLDwm9chThPU6zIA,0
flpyd0TJqBbN-7de_t7Byw,0
8rpkIPlk3gHGR2sULZbJAA,0
rSYstCu1yzS6Mu7TWcdqKw,0
h5TdULM3nc6IoqY4yOdZqg,0
1GGDOUgOR1o-rn5NN5Gq-A,0
CvWSPgrEMDwLMJOrD3WLVQ,0
yC4PR3LFCubwfcY_xKKomw,0
1ajhcZOHYsh3OXuJtri1qw,0
VvRtm2POP4_PhSnh5c9TSw,0
IhsCjWwPeG7_vhy3YPEBKw,0
X-kUbV4vqdFUHKx_t8OeaA,0
ld0max-y0Uba4gUDC9c4Yg,0
bdS2htYiW7e8vssQ1fCA4A,0
DvXpWBz5_-hZQuvu-RnSwQ,0
uYJ9m7nwPfOYmIMI5dJDPg,0
A2qLFBHihB80dQWVM_im3Q,0
SLD5QYRCOgP2UDscLyrcaw,0
P7ZGgKVE_sW5UHA4aNgc7Q,0
j3gHxxRLQP9LI10dyFBPIQ,0
uA5e1dtb-t85dl52Ruc5wQ,0
-zHyGS5Qt2geiHt5rySo7g,0
7Ay6b6TKazNn9xjufAzLbg,0
kcY31QpEvl8XDxc2ONSPMQ,0
vl-ke9lSGf0NBIP8LhI7Fg,0
cCXe5HNzFYKzSAOPUny6Wg,0
32Yq3M7r_kiO0TGHhSV98g,1
n8SkbCrvuwv1iHJyY4pnzw,0
SlBl7jXhgv85tkuoTz9IOw,0
Egn5h9fStvVKcFH7kaLQig,0
ivWqUfAW6tTJxfH4WO5wgQ,0
tLNfBkP_y3WHiIrB6z5svA,0
v_iKkdCtqVtf5XRsGgh2aA,0
NrJSy3dgcXErFtOKGREmnw,0
a9aW5e731lplWGHUZ02-zQ,0
drei9bJ5RWHYrDg2Xo3qpA,0
215QmhnXD0fOuiV8BMqJOg,0
buqepzYPSr2wVvRvKCHdTw,0
O6C7JA2Rnp0oBZHriqlTHw,0
GVZ4LdWsQ_-Q65E1VXwUJg,0
L23nB3EiC0OSfP8792Bk-Q,0
7hamK_UNg9nWTVA-411_1g,0
lNcWildu5RaR5vXHOUacjw,0
0HEezLfueKWLCy0Jeo6MiA,0
7sTYnCrftf2IG0-4x3CDeA,0
QZCAx1CM8Q5NSTc-8ProOA,0
4fhgdaPJVHwx4VeNWKYblQ,0
ZyGF_CK9bzWDS_n2v4ZeUA,0
JuP1gEJssyQ3H2aR9FqxQQ,0
SoRmfAhWgaf1ImrCfl0JVA,0
FljFIiPgwqoLeE12wjosWA,0
l9MreOfCh_G_qDem2LC6gw,0
BTxJv_Ad8bCxYfbC6w3ugA,0
OS5IyYEXgYV9_Z0iS4MkOw,0
WBD4KaMGIJNNvFMAAHkaog,0
RzKR1EMiXF7ImgX0Lj_QGg,0
FpegpWvdtM7KQ4HIP40rDw,0
Z8TuLdk0AOAdlDRSGAa6Kw,0
PrJ3uzXu8qhXsQFDXcZtPQ,0
9rvh1Ij7G8sDK8EDb3iUNw,0
4GqCDXliCho7-gNzjYL4Jw,0
BU6B34yvJxJO9Aqux9Njbg,0
tsavEEwk7kvYMl4l4enYAA,0
jrkzgoLCvk_IRw5e-3Zyrw,0
al2-oxwySoXgQpejsG2HtQ,0
aPIowUY3jp8ZGTlFoAMw_Q,0
Vl7knG5rR45zT97JdkCmMQ,0
ikqiyhavHyXMnk26lWg36g,0
WnRqXZN_tR058EufqS1kAw,0
j1yBqI57HIyVP_e1N374cQ,0
Qr6KiVgv7CklIc0J3EKMCQ,1
R8X2YQzLNJiZFERVEQsKyQ,0
vUczj8SVTJ8bKIjZ7yKsvQ,0
JaCVVKVoKnAsk6_DHwKTTA,0
3XtB54REsZ402EkPAN-x7w,0
VF-hPSqj5QpAgDFpb_EwGg,0
pM6RUrQNitEA5gG4VBc6Hg,0
ZxwTs6uEDRnC-kNnsrDNsA,0
a9rtIs2HFduGiMLgqbS5IA,0
g5Pw2QDkax6G4D18aYFSrA,0
s7XVRYnDgohSDlwtta5euQ,0
mrDpoxsjDeJDLqqf5qma0w,0
ptlFWGYV5lPiXKFRWlblIw,0
QJhwQcFKtBn8EahP58nh1w,0
IBZ6e3P0OqcPXVjvGlpueQ,0
_qAmhbC7mZpiblBMrhIH7A,0
PM-wrPs592ue3ybuFABv1w,0
QCq7ykXnyMPjb2VL7zzhQQ,0
RBMESPbQp29FnGA5Dpu1Tg,0
lQd8SAaV4zvrcYksLVEa5g,0
CR1sV3ICjh5J15kOeVLJCg,0
AgW4qOrgwMvsmjR3eMSnTw,0
nbMWp-OTNymFSRMaUWlc1A,0
1Z9rGyR3Ld2mtnOTE4pNcg,0
zV_9MraCltzUgNFdiXq7gg,0
zCJlmzMxxpeMyrExSwCo9Q,0
xU3FDgsIu1Vh96-_M3pWjg,0
JG8jaWVwDWWTI9e2xNuCfA,0
dK_jC4m0q0-jKROmihltdw,0
pDKITbL0no7HPHFodv9jTQ,1
p1XLB4zo6sI09Pb4-IA23Q,0
00QYZvYFnQs7Fbp4gYCfgg,0
blQfk3qdp2WaMXEesW8hDg,0
xQLs0A2dzgXgJq6K2U_UUA,0
KEvl2r4m691-ihUnCw_ZVA,0
qBCPeqEGuBos5bGHZyzC3g,0
fK1oj0dk9Bc6KsBk5mMDxg,0
otpEH4lppmNGBykhQ8XnZA,0
XczlQNshayG-GCciSEYKvA,0
yu43uv6TQpz2M2KKnSBGow,0
yex6vCCeLKsnWiNW5aGrLA,0
jZLFHdhD7XDeUT6KZZp8Qw,0
tTGzLJGAceB1-fYjyjo5Eg,0
MTNDAZ5PrnflhmdyKqVJ8w,0
8OXgrxXm45OauJsc0lGRPw,0
fLN3C8h8JeTb8eFuL83O3Q,0
2WjghzMpdgTTQfEM2kFb8A,0
ye4WnwnMd6xWK22AoEa1oQ,0
RpcERS2lOcIjlGWvn9vJtA,0
04HfzvvANCF3hd-yx6ZACw,0
d_NZqSypBaSs-2-r32CWrw,0
QH3tPvfA5w9VyD1TPY3iaQ,0
dYTrq3hQuG4mFbNL-DlfHA,0
phAnmOg4F3x-omCKG_jGSg,0
2UFl9gLOQrSGY2sPu6U-kA,0
Sm-aeWfxpW_iC09T-Tv0Iw,0
htLs5a7fmL0-2hv2dmgV-w,0
TZ0ETV0XkYZbR4EZ5Bka_g,0
Glib1j91T6Vg6gyxR_ROcQ,0
7HUEqrj4aa_u3kl-o-e9_Q,0
RTzTSAbDgbPz-wlWVI04Nw,0
GDV2pNSNwC9OLCzb36Shtg,0
c-bsZL1RUl5CnsDT-x9drA,0
65IxMPJtsgMlG-fCJy7SAg,0
I5tXvU7xf4Og26RIXdclTw,0
Qg4Ou9YwqXf10zxQGrw0sA,0
DF3fGWKavF6E0VSeawkR5A,0
0HCMF7QDMUzVCCJq5xLMJw,0
L7wRuO2lg3Ti8r7bxO7UCA,0
NKEqTNdsNVEEz7HUvcqtEQ,0
sxUQbWFfna2jHmAaXELOuw,0
q-rRku6mFu_lL9iIapX3zQ,0
eV3zhvfHcXud5KvrYdJMZw,0
xGHm4DZdVjo-fLO0EkRXvQ,0
fD6YJV_5pOw7_8KSKmabIQ,0
61NneTSX9CQXftuKmczyMg,0
i2sSSIrgQg1fVjqYXZLvNA,0
5_bFsjjP-QihkLPmbdjFDw,0
_vZ7bHaGCjllogiZ7RH17w,0
EAjX7nW6n3-lurrECDXAWQ,0
56o5I9FAbmYk89dFo1B0Vw,0
hjDe9ndGEdtUREYUTXvqsQ,0
FLymHf2oMu7yqm-tcVcnhA,0
K0gZ9EQrzbVY_S8eY2GNsw,0
EJWbSb7IYXdJP6J-SL8yxg,0
Cgd-CnFBImf38ypxOMfErA,0
RADloW1UROUn4FJFU4JJNg,0
c-N5b3LFflVwPwqwijVwSw,0
J2gYIzlrfotDKNU1B5-LYA,0
P7CQtFeORdYNO2_305rEbw,0
R1j37EgfRLOlXVbLznK8qg,0
-5Np0EVLRVqjKlRwf_GShA,0
75HVFV2yYaaz0qH_KCgyFQ,0
pA44gWen_SoKoLqfiipkvA,0
S2yp22ExErM1wtpUgPC3TQ,0
to3oe-3qmAOJ5hE71k0FNg,0
SnsZFsVf1tQvBCPmhe8gGw,1
gnvQakZxuAud0xEMulfGRA,0
orWh5Pi4vMBqkza2HnMa2Q,0
0gj8bpTF6I6T_C5xyBUafw,0
sRirP65Q7BSg3Lj9FdkKWQ,0
Li7qTVABZBvKzvcNY-oT_w,0
QzC0IbWAKtkpBelrIoaSpQ,0
Cw4CAZ3t7X1S-0svpc4YWQ,0
OFJssYP5-HpAfujsSvecag,0
Y-5miBh-TbUhibSmrSPvQQ,0
xS5Tg_H9GBEyOTWl9JwhvA,0
v_xuLfW7TXBsQctpOuPvQw,0
9jZ9el4v3gWwV2oc5u5kFQ,0
_w4Ph3uyYd6nKtxt_Gp9Iw,0
JTRr4n5ia0VYk8uwP3n1qw,0
qKW2fXmWcrwTF2WHJvj1Qw,0
sm3IeYOz5LlRpi7HXJO6wA,0
c7tlMxrQTaU9Nbya8XWpng,0
nmt9VR8LubDsJDT7QTE3bQ,0
aEE1-U5Aw2JPYqG9fHrLtw,0
aJKkhy6o5mEYZHp363NEyw,0
gpjBp9QsM0YhudR-N3j8EQ,0
lPu95iYeCzkXnKEGmmiicg,0
qLEShJZktG253dxYTG5jYA,0
iIFcMHXGNDz8jbx_4H-xVQ,0
83xQtNti1lQgqWTERfeqcw,0
SGE7nV1RP4vEljuq6dghig,0
bimye3HsYxcRquA9r2c2Og,0
IZzJaZWvw-IUrOLkP09JRQ,0
NuaCgdcjnqnnAUcNhDTkcg,0
O4aaSHOq5x8c4f19Ml0vAQ,0
V35TCgNoosIBZG3HRFQvKA,0
aYGqrw1lJHs8Hw0kHC5TVA,0
33yrrqb7ZuNFg49ZQHraQQ,0
7Rp2yHgW0JR3OrSWNdISKw,0
HmvHMZk8cMBgNChgn8YSfA,0
jt2sroyBXjd5THKS7Nz15Q,0
TpgKIQVCnOq_ujvWbeRAag,0
j7nQl9D3MypukqV_U0QLlg,0
cHIhw4siparWV4yDiScGPg,0
H79GeCeLItbH3X-6j19ldw,0
q9VhMTt0lTnKj39x5yqD0w,0
eH4f7_hN8qzamuXBOvVLdg,0
OmCis6cJ7mVyOpsfI5CIdw,0
70aGCiw6WJ1_GTs1VT5NMQ,0
TKKX9bllRBMzp0NYr441PQ,0
9dGdUs3eVEEyX4yFS8h6tQ,0
VqFOdZveUE6p6cT-dpcknA,0
adavwFv08LXdBcb2-Ohfug,0
nQlEAP941EKh3MNlG0bzwg,0
MqH1eJaXrP9X92AijQi3lw,0
buW2I8VnIkzR0Tc-CWalHA,0
cWtUKKsnEYy1WeR1aEdyMA,0
73xVNJ4lR5NlSJ2XyK-N_w,0
rD2dqycGfsqphoZVpmHkqw,0
7LBVI9euGV3ugO0-efZHvg,0
DT7iqs2I804ECr9p5VFMrA,0
28adZ4lsuUeVB2aWzohK9g,0
ZN7tdU8tgklVNYH0vWHIsA,0
5j-dkDAmSJc5uz7m3fK58g,0
gQQEAJDjwzqyE4DhnN2WIg,0
CzB1vhMuoue3CW3alPsI8A,0
Wf5C8Amv_SlhoYE3_W66WQ,0
odZ_BH9IU8sbblLKAuzK1w,0
8bskEwLJsPe2X3Avixab-Q,1
izyOdHZFeUTHwbu2Yk7Fpg,0
dkH_OxM2YZwmq9GziW28rQ,0
1eitZ6YGZcI5UWlhiJhqgw,0
ZVJZiKijLar0qYsrlnnMPQ,0
Jc3r8deDynTPFzXUCLqYsw,0
DWUc3-XXM6qV-WjGwbgbAw,0
WzleXDgNBtwNo80gn7CgEg,0
p_KC8_d_MQnfJwgzm6Azdw,0
WKcVegcUjAld1S737a_QHw,0
jq1fVIkg0QFVi3c9Bm8q4g,0
F8P-NBcFEA5lr_E3HgZaPA,0
EDmSL51WTSuJEsTWEgIrVQ,0
daC9-bBeKsvi0P2vmGys5g,0
DFU3IUc-Y8OXm6hN9x2e9A,0
d2TU9YLYGjmpqOnrha47YA,0
23VXMGHyYl7piQSPMoGOyg,0
Fgje0saJKZkCByBMj4SlhA,0
7nkZvC61-d4ndiNsdcJ7DA,0
rnt5e8kC0uZblB7csLzYZQ,0
RNDh5Mt54sE1w3Ake4_H1w,0
os9fE0YwboRi9PDZZ7gf2w,0
yY4AjwV13KTk1N6Rp02AhQ,0
YicI6Q2bPIEHoOD3iA4-XA,0
3KG13qMCNegGT9oIxWAAWw,1
zenJd3O02n5RCGqu8CCZnA,0
LNsD1ZHQkHkfNGb2tD-jQg,0
PC67Zz22x3uoB8IPUswDzg,0
qcXZADJKWpT2lgKNTyJRxQ,1
PxPqvu9Mx1Z46RXypnSDnQ,0
HaitQMWyni7ge1OtpLPEhA,0
5bS1qpjoUZvWX-GsMzF-bg,0
EiUPW48FHDWa4a8N3h5yog,0
kKneAwW4uWeDPouT7ftwSQ,0
PqiyDxlN_o7p16xTeVQDEQ,0
mUxL-cC6eyj2fEPQZESIVw,0
IVw01A-NclwTOkYXEoV25Q,0
3303xEy9HODLRZEgFMA49g,0
V370rMxFKIUGOzUupeiVDQ,0
AgumeejSSVoJ0Bdr5Iguww,0
BGwfdMfvujNMRGInOmwdWg,0
u8xmRFdSU2GAB4yHstCYaQ,0
wGqd717jOG7jBjNLqoK8JQ,0
sc9GaupuocNSScOm0J88aA,0
zM4VdWz2ln4eInxQsz33Xw,0
t_HP7NI2DDkaTHiJT5vFGw,0
b7zBV97lGZB2csbkSB32CQ,0
07uibrzIic_u_aLNewpbtA,0
xNKvrHYajbXfFj0MlUPl9g,0
bxTJ7naMCupIwoVzAN8Yhw,0
wzrrUemQ6pUeZRfISnoYbA,0
aWJEgudoVLnxDqleDveNSg,1
frMGezDOAMWnsBTno2WziA,1
qsAyfhsB1-EHRu38JpvPlg,0
A3ZGt3MdwhKMNpi6qNNDMA,0
CeJSK2IMxTxYm64bvHiU5w,0
CR_4bUOlMM40_KIAerg_Xw,0
0_AsanAV3W6g5NwiHMpkUw,0
gmzyzRUaBKRR0RnSrAu1PQ,0
L_oMnnB3R2zgARFXdTHKKw,0
uKcVJ3OqtrzM-3Yd-Y32nQ,0
ROzYKhhSIDZhHOS4u74KFw,0
k2fKijAyvqfrJ6QEMVS-eg,0
9TdwYArOC7368bErl4wtjA,0
u71AgdL2yBW3VpZfCO886w,0
3ffpa2xSDjK4XhF2E-jp1A,0
bVKrAuvOpaImrNRBsVlaSw,1
Kw6VK3ullv1Q3I92DbpL7g,0
HI67KkwhVgXRYts8VO7GCg,0
ejcn3nOqR2Y2w4u_Xj_ZpQ,0
sbZNOhG6nMfai-eEbz_Ncg,0
-cuzw1pcZ_UcdA4Qxc5YYg,0
0sPOBQHlVvuhO1h-1p1ccQ,0
DcA7Rw6VeIkp7YdV9ijaTA,0
SipHumArj5ZIIpltsWwQpQ,0
Q3BUdZTMw8KRd-3QYtTyAg,0
t9rjvNqRNfC0Le316Vegsw,0
Ug705ve-b_E0ztOHsKsgSw,0
jtE4O9Y1YdZAoKfWTtNC3w,0
bSQFQDSwfahDHAqO4s0anA,0
qWWVizgVxBaXXbE8Y-7-qA,0
M_CHn3NM696iFFnn5QAb7w,0
ZogV_sPyn2FSb6nrc3eIng,0
gpb18i6bLxl5feUrJFmxTQ,0
atucAE6Ik182bBViOcgqOw,0
8cusyHsqMhNAsrNSMpzB1A,0
b37cAZyv_Obalo79sdJyVQ,0
585hSb6Cuyp-PFTgrpLEqQ,0
voJstWHmkW8LlivWslUHGg,0
RAfXFeTZBcl61LvDRQ7HtQ,0
-HBJlnZhUEmIwpnyTFgSRA,0
Q6ppkDUSGqNnr_Hsea2xmA,0
C4O-xIlNZN6r0XzqtsVugw,0
8Oe-fb9nSE_dumMzl0B5Eg,0
aAjHCn1tiZR-Nkn2xMiD6A,0
o7io7ITyHfjXOpxIktL0Bg,0
QC1Ctt5CzXNgENy6bKjgBg,0
LfJWwVaIQislyB5rXAZiuA,0
xv_ep9V6nMiyTw_xe1qDlQ,0
AG4_PQLJLJANliALV26urg,0
HrpUTslC8C3icEgaDD6oIw,0
Ec7SE3tA7z6eqSA92x2PzQ,0
5BPv_vAnRp5EKdmacqvrLw,0
JB8-8TtNYX-vLqN7cz-zHA,1
GTlqxvQBw13ScKY23T3gDA,0
p8lcQpcebIN1r7v0wn0fNA,0
9MFcLXNi4pbqHsdrH9giZw,0
UntYhU75-CqypVO8Qin9qw,0
QfpOEjm_Ar9KCdjMyJLJUg,0
zrQYQHawhaolF7muiU6Ckw,0
ZVSGswtLoZLAH9gzRAGf7A,0
-Btu8zliXgeSH4eBm1u9Rw,0
9BZoqNuXs-_j0ozsv27DNg,0
NFFxJQHNaq2_MFLzN5EZMQ,0
2vyjdKZJM5fv0v7Iob0FcQ,0
l_CGwZemu7WGp8dbsdrfzQ,0
A4t1UT6j1lSQN6OM0Oy2GA,0
8oOUIbIrscMlf4UOTRn20Q,0
B4-2wA8Pj8MQK1Ylymypqg,1
Sz6edL-Ya2rxnjjjrv8Gdg,0
kofI6fYlJNEkmoixu9YAIQ,0
zkDxv3JDb6Chg72gODDGJQ,0
E5twyByVAFFtbNnewMYFwQ,0
DO7tlItRJ7aOaNu5S8j57Q,0
JXcXA7bG24d0KjbsETXVdw,0
3vlAG8FVYRB9wEIZXFk3ag,0
XIHJqL-s9qCZd9LVA13Ebw,0
BB5mMNFN7jc5XibQQxDPiQ,0
i2iVOCmZ_aC2BI4vpGwU9w,0
rkssUq0wCU51zqHS5VZ7bg,0
SWYm5UnakemGCHr0NJ6mhA,0
K-F829eoeo_38nTL9xLWEQ,0
5PYA-uKDRayqQS93YC7iuw,0
pFMj5zPJswv96wuKcDDNjw,0
lzrFRbdvpnLJze9VqJigLw,1
BdDshFHVrqHEFZqClPSkqw,0
AZznL3rHIRhC0FD9mWgV6g,0
-Za5mjo-CYYUMsd1r8GC7Q,0
7YmqLsiqjP20G3PtxRjBgg,0
URYcfO7XcqAh6W4tnP_BYw,0
9BdxAiXIXIFM2yTi5GtfEw,0
LmXxzIkRDzAiVPztnkBb_w,0
i0Ew2edMMWHyYEAOC5hwHA,0
vmBZJ5yU4Qb6EGxaRvz2Gg,0
fobkeIEzbJtej-udG4UoRg,0
WVAvGK24DQ9FdsEHBqIygQ,0
cVTSj-aczqPe_oIHHkCbIQ,0
Bw_rDtU2REt7ZlkPWT21kg,0
U9nTOEsjfdiefCuNNIscrA,0
rYhgn9JU8E_RxXWzzUiAGA,0
1jNteKQ2JuF6Sk1SI9X23Q,0
tODMDeR4Ls6vFH6HKw85QQ,0
ReuNyA5IRirdNjOFFMXKyg,0
__sFR-vZ3YoEfruj0rZV5Q,0
WuH8ncHXNBvAna7t-BX7xg,0
TuJVTcMHZTf7tP6hBS3gRw,1
UWgSgYo0aYgCrIlN4MmSaA,0
HsvvWBW7PaDJb8zpHWZCbA,0
nGCKQlzat6nEKTImlpg_hg,0
aw-TRKC8taEtmTQkDPI5FQ,0
nNho3XrlAaYSjeHoZ6Y07g,0
KMEvwN9hzkBVUGXqKZWxoQ,1
lW4OdDBuPMso9BESHWaxig,1
i7_JPit-2kAbtRTLkic2jA,0
UjKOk1J45MWP6xm_nPmpMg,0
0uALK0SEzEQCc7-6AsRysg,0
_mtAXGkVLLB6I9NddO-whQ,0
3LsMfYF4cllUZbxve3scIA,0
F6WcodntQQ9clzAERXmAFA,0
IZ8wHBKHfWYCa-ZzbOSAog,0
OrAWIxe5HjccCGYylb-uug,0
I0k5wsN40oEnGRVb_9cBGQ,0
GXlbDW8egP1xrSkeOfa0FQ,0
ishu7tpQQmOMDv4xRvTpFw,0
G2i46bMQIk1Lv9erfUhMiA,0
SirdHmqK0LDKDQvJBYVLsA,0
CMN2zW7c5bdXT_esaKm_YA,1
Gg9AdtMe6JOWgVK0TNrf1Q,0
5Dt7wNmvgCQB7LuD-rOrvg,0
muHsIZbXjjJkxzeCER_SiA,0
A7waf6G3cvnLfAqKeLL8DA,0
lJOGYkb8_n77ixVh_3zaug,0
J_PAsINZhwL6J9aV2CZrfw,0
VjezVp9hX0JYu8i986EmNQ,0
lkvHG6proAFP8_evKhdxKA,0
c8W-jLGOk74_h9gOa68xSQ,0
JkHJXplZptBUhBxclMLbRg,0
MQRtowlP53RzN57zXnblRA,0
ywPaE5Ai8SK8TeUoeMgJ6Q,0
MHdwL7WVKlaTiQ-6f-BX7w,0
DhZkLzcQ9Ed1m4yu9QyLjw,0
nQxYkbV4P2h2HqJB0nfpxw,0
1J-2AGWYyCRFNgiMvKKzCw,0
qBFIPUEXBCI4nE3dsa7rlQ,0
5dCc97soE5SUbHagsf6BXg,0
UJevx59U-bi6fRADCSa7LQ,0
izWb95dNqMgVbi7CHg8mwA,0
kj4xzhQX55ajTFe9DG0YLw,1
x6PA-2j7LpZAYFo2VojmQQ,0
kQyk1RDinqtGUsgfSlXJOQ,0
LbmipeYxJHl0UGRoVES91g,0
Zv505aZEIDvSedVGR8D_CA,0
VJJveoWmlHroqnRR18K7sA,0
BCnxu323figzQQTLEye9bg,0
jd2jM22n-2DaIqlqVitUbw,0
8Ahmk-vBrOn47BRmjDGvMg,0
v7m6fwvtTFg9EsVf6bIhOg,0
4IZsGR2mSg7jiCKKZ6VZkQ,0
QeqhqOyAjy2BjmNGm4iGAA,0
pRRgtama5ZR--7UO0ljUrw,0
v2-3bnrCOjEdkJx9oQ012w,0
rLqYf7ZNAlnvQq_qfPWecw,0
j86oT164lYV0JPXbYPO3aQ,0
H3XEWIFGqX3GXqIFbnIZYw,0
9MLRcxtNuBF5TG6zA9VDsQ,0
LUQo6ddF9ppKj-66u3kajw,0
e2qAW6jWsZZCM85pJG181w,0
lVomzvlzgjsBa8Szcrt93A,0
wVnvWvuS7ZZMQwW8uQEcmg,0
li99_TrLe0pyXZRBoOqkBA,0
D48b2jHZDuWsnqvFLLvuew,0
wNXw53wmePcf_V3rF18LUg,0
LunrH-U9Yrx5BiqSYaxdvQ,0
BAgrtfTrTrRw9F1HiZBJcQ,0
7NCpXte7KHtDJctfv6QiPQ,0
AZDamzTdp9IRDKVefjhSsg,0
MsUI2BgJjptqa1YEAqBXuA,0
DQbbE26lEFq4rEFSaEEhRg,0
OqeWMWwYTJOCwmskj1MiLw,0
2KooqK40Nd80sgIPE2ScyA,0
z-RTeXHZ8PJCppRdCBuhAA,0
DD_dSlQKcln7VXbN1qxcLA,0
IRh84mdSYHORS9U7W7G_Mg,0
vOZvmOrzx3TbFUWZSgzwTw,0
kT7H1j57NW5YNLuWHPUAUg,0
upbxmoNqlovW21O7bibV4Q,0
SZldZinCvCRE6u92q0u0cA,0
j4C0NelU_RzYMz0jXS-lMg,0
uifNnXe31zmBYu3IqgiIDQ,0
clGSLCiIsdmoLLlzFTazsA,0
smue4-Y0tvOgBCwD7y1-yA,0
c-xX-gBihfVyPW0w-zbNBw,0
EODbuqr_n8xNhjcMQbZmsw,0
miAqpBAJQYJsTueEvl4z0w,0
I-RWw3LF8DgeUujeDmswnQ,0
uChnTTQzV7Nu7EDrluF6uw,0
Tfb0k0UCxMhOe-YvspX3Pg,1
XafbOlR-suQ44Hwk0O1ogw,0
ZsttjmFUQvZ2KOGyTRy6mQ,0
LjdSbldWxY1frWK3J-ZMBQ,0
Ze4VPogvcD7inc3QuvY_yg,0
mX7MbI_i9gqdJAgEOZKvpQ,0
YyWq3CgZFpGU6D06P09Vcg,0
v2FV5JACcLszio-_kisfsw,0
T-Q3Vvz0yqduFJowSzL--Q,1
-6sE5v4OrVGmWxdIrbs-RQ,0
3mN3KGskyPnD0tBg-XHBeA,0
7bu2uAAFUxKnAaZr0vTvlg,0
XqPMOwrJ0xjphyNQYcoPLg,0
Uz9GCggCILF_Djrvz7LsIA,0
X6UNtPaOAsRsx5TneZrkeg,0
1HWH_BE_wMfX88cRoH-NCQ,0
hi2EpaTqR9Wx-aj05-eyfg,0
tS-cBs8tg24x5Xom0sGsFg,0
ejKXczjEkm1gzyRdblQm8w,0
xToRBLjgQ9m5DNHfed0GXQ,0
nul6jkdg8kq5sJiQ0_7Sxg,0
cpI3PL-9mG71BUh-oL8Y5A,0
FJCfxFw8C7TLD7m1vkuRxQ,0
aM31ndOqDXrXZVNmlIWPFQ,0
3yuvRrw-2Z4rPaZexgUJXA,0
v21NYcNFNOuGB1RYZZBaOg,0
NSYGo4m_QdrG_19rs6uZTA,0
_zV-v1iMDIs4bjVuN_fL5A,0
-TIFqTXoTKMZ-ZN_K1BTxw,0
-IOuy7CKwWN54IEzESVOBQ,0
Fy4r4iA_vbqJ6Lu9DUPQ0g,0
EIkAlPbspklY-OgfXxg1Vg,0
BqqzPXbKhz-nruNBH1WGhA,0
kbUAnpn0QoDWRqFOA_oWMA,0
b0kFTOITzkcbOUnFH4lRxw,0
d9Pm4CAbvgqkwyvem446Ig,0
NDFeonrOkjQbFzAT5-E91Q,0
ycZRyUBfitNEkV_AKTnjYg,0
SOkat3uLjX__3-tCowhlHg,0
viqFrssCQRF4qA9bu8TwiQ,0
u0syM4rt_zDpswP47g0pGQ,0
OVsef80CydblXdQdRTMZOw,0
Zd5bvGvlSmksBJXrevtxEQ,0
KFaMIyNmxHeAot5huOiuyg,0
KR6Q0NAgXsu8oS3jdrDPqg,0
SeRG0f7jIS2Jq-CTZKqGoA,0
u71djaZjecGVU1MqMevQ4g,0
OhA9bbcQ20X2g5Iwq9Hzyw,0
WsOqIVMIVshUis9kUkG0KA,0
jVDgbdFMTIDcuxF_PUJeKg,0
LkfdCPTWU4BNWWpou60Lww,0
E8xAQF1p5kcPYoSpiiwr8Q,0
o54U0Q6flE0aoqCEjugGMg,0
zQ3ipTBmNFQXwwqjw6pEfg,0
rNHWD-7UgHulruhl9z7pDg,0
ze-xCiBLB-QSfNXHiPY5Qw,0
xbr3uUG-KBngWGtUZRvygw,0
2Y-28XrkMeeA4FFvv_73tw,0
hETFKWuGxeCQhNCArAmLXA,0
sjxNnjKwWn7H6QcsAhhXww,0
Ct5bB61mRmHUdXhqL3rm0A,0
w-Q_ZVaRk3_6SGI2_zIR3g,0
3vs6rARRBm-O99y4bryilw,0
xAboCt1b_NoMjzTPOGPM8g,0
GcntNWmdYd10j5vSlmgDBA,0
Co6EHxhOPEtJtjLnjJSfMA,0
QnHbzG_oP_llujHJZZ9Q9A,0
VRwT0pscR5vESCrAnUpNwQ,0
YPLJPAHy_byhlrwceIbN9Q,0
plzFeomPpalUbxi-7EcCjg,0
HOOitK8EMpTaY9bVpp6ZfA,1
s7Cq3DdSELAU_IFYXOnicg,0
OxcElFZf-RLEaBhVjk9zjw,0
UiAcw5clXtPReXfI11jTcw,0
y1AM7MeCN3HaS7SHnxcBfQ,0
OrXc2CL91P9ntsTn7joCjw,0
afoYUjmSVkmEWn1ibc14dg,0
2tg7rpwAbrex81bMKOnOtQ,0
oIsGEgWtz6aUVSLZvvcowA,0
1w9rJtp3hzkGHlBrU7fzkw,0
aY26EcqiP-AbcKTn23PqpQ,0
E-F2IXk3LRTwDk2hGFfKIQ,0
2OB0p5idPAicilqf_wzHLQ,0
vdkqb7ExEkccjojbdQ1i0w,0
0O3H5plJx-Cq2A80qFVW5w,0
rSgJUGwCvxP4ydg0zdiKCA,0
p2i_ZU48IhgNgCjnM08DQg,0
DaFLqiaMUnwlmVPuPDm5pw,0
L-qzasguf_FmrQHSh6Uv6Q,0
sVnLQbFfsZki-oAhiEu0Pg,0
qlrjWbPQecLK48P9PIthow,0
R4jhm7FFQw0i1GpO4JvS5g,0
XK2qqtVpUNT0u-aB-1x-qw,0
o7ccTNxhueC05pLx2-i0dA,0
Ovf_Mj2t8rznC3-FeRHWdA,0
Z5ICm5Q2GhNPh7SCuIiTVA,0
16-gsPZnaBJgFi9Le-i27w,0
k3SFBSdnsHnEP4-kmsLkSQ,0
y85ZeeSpmvbYn67zTwXAdA,0
TvX_DivZScuFUqUigzgBFg,0
x6fYvse8sBOZf9y8BOZZmA,0
-flR1wT5EoNuUV6_CgZyDQ,0
2Cief6VYoFUpWKK-qXwlpA,0
P-GCaDF4i1w9YkUM6YSK9g,0
9fxfPdJAlY3wA8YLxnmqpQ,0
9AA2fmkKTBB53k5NjHUZEA,0
dpU5-xuWm4tCbZ1m3yl2Dg,0
l3t-QTjAlr9EMnnevuu6nQ,0
gbjIwB_r6y4YhaZMwEK6mw,0
1-N2vQmfBklcYEN7uRRGGg,0
cnRFgWtbXvigrBSB5mm6-g,0
_rHNAS7LK5_6LAnumQXoZg,0
NC-i4xLdgVAjnvL8YB4fuA,0
IM_3-MyA6OVx6jRdvm6aXg,0
atQ2uSMC5By_7Jsgdl8YpA,0
_jFWD2f2H2a9jzGhEnz19A,0
yt87Ah5lXcLBTxrTfXTm6g,0
CB8HrynUWR4Odnj-XTY-Ew,1
gViMGE8meVaB3laJ0djhKA,0
uR31VDHTAY37HtCDYr1q9g,0
YGiu5QCuPdof6Bc_P6k4BA,0
1wWneWD_E1pBIyVpdHMaQg,0
PEEL5RknyenMUOAcGEGQhg,0
jgVIOHi8SyAe_yG2ROL-0A,0
jsFeeAR9_7MUR3xOpyMzIw,0
LdoTyIzLb65fKsRf06QB6Q,0
6auKxnL5W4o1Ypr5ZoLOFg,0
dSl9hvsfA_-tPwmvxHyIdA,0
G7H2e0XqYaw5JAwBpULNPQ,0
YoEISHuKbCiq4HgykG9fIA,0
bXCf_Fl9DqP8pOus1-WwMg,0
n_znryeh6v6pq0b_ctZAzg,0
bDE3du7-uWismtz98xdJ4Q,0
9N_5ggeHPuWxDLb-cCkcTg,0
8CdWBrJ-YDGCtmH23SjpWA,0
LP0S09McwFFLrugjMSiryw,0
MRXuq7bRQf_8k2ThB6HFdA,0
eFvckVjFsv7T3JnYWDIs8Q,0
VIbVdK2Hn42IAnX_3uqBog,0
Xt2aQqrMzuABBvb82sK-Hw,0
nY3Xn_cn5UUkRxtUmuhlaA,0
E5XGyUsducnkbg6WGikVLg,0
7n7luTTakOmJmZCzwOAYvA,0
Y8vH_HD8JiUXZWHecrvMPA,0
Kesics30m3QqLKzkueuMtQ,0
SzfC5CWkFRap2X4bG_CtPg,0
80sQO48UKXo9IbYnyoUO7Q,0
AWwqMTetDSTiAR_ihth2hA,0
hjZ4cVn3PZk_1hqfoxMXXg,0
1HRSElW1HgBiTtSNrhjMeA,0
dJO0Lg5l-B8zG64IKT9QOw,0
qPkyjuQyKMrHkbs2pGg7PQ,0
ebCjCmlO_M8ZFfyDr-s3hQ,0
WkdIxfgIj-iH1OL4YJ6oFQ,0
dpxdzXdR0eGTU4Yq268b0g,0
F9EYLJPLZhjK4k24V7FRrA,0
UsKmYp0m8VYWM96tkGm2vQ,0
lMh0V6fg0Kg2JyY2k2PA_g,0
0D9lIWjTExTIa1Ge5iz0gQ,0
r6bvqwhWy73SgyK_w8Y5Lg,0
DnePvvh3fzo0oH8GB2ChUQ,0
Zm18B-Az9RYwfb1_zWPsbw,0
TMn3xLDiI9_y-AgTYb1gSA,1
vKA9sIqBcW0UlTKGhFwv1w,0
Da1wKWu_ma26i71GKtWDrw,0
PgPw-6YU3Hny5nQx2qkzUg,0
HtUFTQs-OYoCy-nOQPxy9A,0
5aeOewSy4RiI8sLLWpeNGA,0
IbRnltutQjHRIQJ4UQUL4g,0
XNdrlPbsSa1EL-n_i020kg,0
7i0kkZ79MMkI59qCGilltQ,1
fMQnS9zu00-AfOcBypwgiw,0
jDSs2ahB2gqOZPuCdg-Q0A,1
1YNONDlsPqeV26qWPfigjg,0
F47xlDVkv7k8uNRZib6jWA,0
L3JjFFoG-RC9RDHZAYX3qA,0
UyuZdykv7XBAUftkNC6YiQ,0
OOmcDbzEyGryhkc98BCElA,0
Nd43aq2UA-t8NuZvej1VvQ,0
PCwhrIw0Jfg8UOckV1j4Zg,0
v7bSnWkzUgJxc1jt75oOtA,0
r971snuyJm8adl5QjqxHow,0
8AnQLZau775I1acTSSVh_Q,0
4f40xMKc7jGmYEl7am_fBg,0
NxpaDfYm8OB14Zw9QDFejA,0
FZ67u0gpFwM9i0NFTLmqyQ,0
eM2QVMqNLzAHybJBI1EE5w,0
xAfI6C3PfzWlj3qENfib9Q,0
iQt5GjKR6oOk0bYeCesK9A,0
cjouKnRESEPbP2RRoKPVkg,0
TX2lrSnnb6I9DP_k4gq-rw,0
ui-48FWXEXE6_o5guOQvcA,0
8KYOCZG52i2l6zkF4rtuZg,0
yXgSKKxG4LDHXzpESmD-tw,0
PsYU8cEDE3oewzKCyVt5bw,0
Qb0oYWeC34wGO3NsP6c0ZA,0
noO8X_95zL7kc10QKL7xkQ,0
zZWWfpiXs08rhDHzIsLOtA,0
x4S4qoNUJjNEdYrO_ENi1Q,0
S-Fd0YmQfiO2g0L24qlkNA,0
Qh0Kc20gnfI6CpLdjyRHEA,0
Pkb75Ma72lVTiLQoqHQkqQ,0
wcZiDpDRcFnH3hhGXHZrDA,0
dizdLoOk0GMaSS_qQAuklQ,0
K3NW8TEu4QRQvFvHer8v4A,0
aTRWqBjDANh3dydssZ3PkA,0
lN5TlKIjcQIaOICgLFr-XQ,0
9-Lipa9HiHL_EAfeDfPq1g,0
PjWSDjJKFggNz9suq2Y4jQ,0
_440MLqL4gEIKnkD5aKqxQ,0
O6yv0NuFPgannTMe0LHZxg,0
6ch7RS7jSTXbUDipApanIQ,0
qqU3d8IpcIw2BJrsGxSL9Q,0
TcHDo5zgp2n4k9tkO4EvuQ,0
bLNbyxYP9WFZ2K-kt7tmTQ,0
pFCU_1SI56bB3sOLEPNf_A,0
7zW2T9P0kgzO11F30HWvjg,0
i4VFBXkPMq70LHdBrt2teA,0
rO77pOx3oQdzAhxFgxwyHQ,1
zTlAw7R1_MxikX-dX1ydig,0
OBJGQdn4N6jzkEaKpo3JnQ,0
lmb-umeBtTVSXil0Bf96Fw,0
-rKuAcB5suEWKhcUiqr13w,0
wQMw6kc24uUQqqUGxe3Ztg,0
221yhLSs8tK2Cn_mxCX9dQ,0
_GVMXh1dGBETWOaXm0CZwA,0
Ir4zL3MF7LX7b46qXn5WWQ,0
1wbG3HVn9c2abfAdrM0jAQ,0
YFamMJYgBmsFKj6x6xR_jg,1
s6IPjR2nSJqhXcGJ49Ckiw,0
8bsa0pZKIZPsaiZndHLQIA,0
a8uuOGWdjVWRCIXoQGVkIA,0
osUkmkJxdbOppiw3trv2mA,0
bAszaQnDHg_Z2y0HbhLcyA,0
gHmkE8VoNjJZDLVdTpJPOw,0
JbGGAiJxx8dnpF7IzAPqYA,0
Ass2GxaD7nTes1-jSY3IVA,0
DvF-xOyB_3oU-Sy0iLXz6A,0
fPAEwObahvI01QBFv0-rbQ,0
qcOXimJzxK9S1L0OhCwzPg,0
l_hdzCRLPOaHSmO5hxKNHw,0
GIF-mBDilH8yo8rwF6j-pg,0
DeF3izRhyo0UPB0ZX_tC7w,0
Vzm-IO2r4YdwKB0ke3u0ZQ,1
MSPxscoI0criVI1EhBmf5A,0
CVEFqoWc2azMDsyEesMSZQ,0
bM1upMzv7Xl-qElyxp0OKA,0
yBPvOaqLmkaNqzV3KasKJQ,0
lxl0KqBMi04BH2HdWyqzpg,0
M8S7poDhCIzqQx1--GB-ww,0
slguVsd_fIXyTkYQXNmANw,0
ljumuqL6nzWVmnflchevcw,0
C2zIZ9LRUsYvpbYyuESedA,0
b0TEf4hhr1FZwYRJLTJrPQ,0
dMGT_S059U8hzMWxdf90SQ,0
gyFYZV4b_9TxG1ulQNi0Ig,0
oQ5IFGtNDyk0jyjWWcow4A,0
RYha10Ic8AbHqJ9K08SOag,0
C9YQJ2eOkNjIRuZmthvyMw,0
SlRv-0ABNrY2i7wCk59sMA,0
Dl2vgi5W_nbe-A97D0zgfA,0
EaODYFajixCNJde57Bmyxw,0
PRs2xKtzwL7YOBK1CFDKYA,0
E-vu0s9o0AUcWZPRENEEeg,0
fXX7tShEq8eUDJBjCZd9zw,0
jBQXyz5yS10X6UvA9kj0Pg,0
MUxSmldyjEah8PSBj1a2lg,0
zUkSnzgrdLoBiEySRppyJw,0
cr__ihwxDQ7hyq2ZfX172Q,0
qfcNdzWyYLh3F0YYMjo0mg,0
VAikmq9dBuKjucPXip6nfg,0
Ewm7SE3w242jbEEAJJIr0Q,0
F9h98ZFHLCHG7SdVbXMz0g,0
USQVH86LrzJjlwHsoYXExA,0
wS2nBT4BUX-6Y3FHYDonFQ,0
Kkpnsw5cuUwySbSKYUl7Iw,0
yGkxaKpxVKsRq0CG0v1wtg,0
xEvMKCbxzssjdZLqT6ykOQ,0
7NaoYUOJ3HAPKMt3aF91hw,0
7tIM2w1Y6QWroJSxUq6-Ew,0
GhTh08iHJGMgkXBqiAHKcA,0
FYWbBFMAoIKuQlbUcBa9Zw,0
g7llIHPigyoEhnM1Yku_NQ,0
WogiZ8xBIzk9nvkrnhRejQ,0
7aN34Xk5I09sdzZlpyYKhg,0
SLS_Ld3nVj91JJGks1yOTQ,0
xFZ6VJiOGzox86Wan-zv2w,0
-OLU6r79cKnyPGLi-dvqDw,0
ZNk4hO2EOVoSKcCBSwH-yw,0
eyrT84zf4NKs-Zv84O-6DA,0
XlvpNPAZnzm-DJmKYmK2nQ,1
4h0JeXtiLaqqpB-9-V7few,0
yf1awJ2cVp0AmqYMOc671w,1
xLy6hAIyfva7fGuRrhI0dg,0
4ZRd3oBKR6z1Fk4C25aD-A,0
bqGTNJJSM8Y1ve98Ns0Eiw,0
kbvctH_jtP1FtWHO8SldcQ,0
gv7P6zobjlG0YKlhbgDnSQ,1
tHlJKmUECTlj2amcGG0TOQ,0
kD05qsPROIFoEhgQIp_Vig,0
VIP5_HoBm98wcJPwz0lZjg,0
GkrElnysLT5iWSEbqcVkzg,0
M_BPbMR_wiswNsPYldiy8w,0
fsQGhlcaXNskiyFAcYOtNQ,0
UQFPNgu2YSoeQr937rlxNQ,0
_E6k0HTgn5F4ISeDuYjQeQ,0
9b40Hn_R4bODr3N-AHtWZw,0
PtJebh1NRehS1xbFL5mS1Q,0
jqvVB8AezYhCuVinJf5fWA,0
ndcCAM9tdKUlj4F2kuhQMw,0
nUlqFjAQK2Ql2NEbB0ITDw,0
nDn2h-_c7Xk4UwM0aiXZlw,0
Ngk84Ax1tXgpoJFEGxot3w,0
22AFh7B89LqoJVEk92AxKg,0
GkLm6r22CwKZvE6VGN5Vjw,0
Qo9eOPkcz-CbRi35xzNwLg,0
PREGU-o21vxhIgJ8W942sQ,0
kypSYO9f73uGnIQY8J63RA,0
rElVzlHf_zxWeOCj8Vj_iw,0
4na5CBQqyWq896-8qOpQ9g,0
DwG7_vYztZP-AMXEIvGgFA,0
wYZoSBvIbJWvDl-ruZwJ7Q,0
Tnb6PrHLSpNqmCiIMsu7cA,0
PBYtC12Vvm5rwTh4zexcVg,0
